{"v":"5.5.7","meta":{"g":"LottieFiles AE 0.1.21","a":"","k":"","d":"","tc":""},"fr":60,"ip":0,"op":43,"w":512,"h":512,"nm":"Loading Animation Bored Hand","ddd":0,"assets":[],"layers":[{"ddd":0,"ind":2,"ty":4,"nm":"LOADING Outlines","sr":1,"ks":{"o":{"a":0,"k":100,"ix":11},"r":{"a":0,"k":0,"ix":10},"p":{"a":0,"k":[255.892,367,0],"ix":2},"a":{"a":0,"k":[0,0,0],"ix":1},"s":{"a":0,"k":[100,100,100],"ix":6}},"ao":0,"shapes":[{"ty":"gr","it":[{"ind":0,"ty":"sh","ix":1,"ks":{"a":0,"k":{"i":[[-33.44,0],[-33.44,-3.04],[-39.767,-3.04],[-39.767,-13.566],[-43.301,-13.566],[-43.301,0]],"o":[[-33.44,0],[-33.44,-3.04],[-39.767,-3.04],[-39.767,-13.566],[-43.301,-13.566],[-43.301,0]],"v":[[-33.44,0],[-33.44,-3.04],[-39.767,-3.04],[-39.767,-13.566],[-43.301,-13.566],[-43.301,0]],"c":true},"ix":2},"nm":"L","mn":"ADBE Vector Shape - Group","hd":false,"_render":true},{"ty":"fl","c":{"a":0,"k":[0,0,0,1],"ix":4},"o":{"a":0,"k":100,"ix":5},"r":1,"bm":0,"nm":"Fill 1","mn":"ADBE Vector Graphic - Fill","hd":false,"_render":true},{"ty":"tr","p":{"a":1,"k":[{"i":{"x":0,"y":1},"o":{"x":1,"y":0},"t":0,"s":[0,0],"to":null,"ti":null},{"i":{"x":0,"y":1},"o":{"x":1,"y":0},"t":5,"s":[0,-3.686],"to":null,"ti":null},{"t":9.34765625,"s":[0,0]}],"ix":2},"a":{"a":0,"k":[0,0],"ix":1},"s":{"a":0,"k":[100,100],"ix":3},"r":{"a":0,"k":0,"ix":6},"o":{"a":0,"k":100,"ix":7},"sk":{"a":0,"k":0,"ix":4},"sa":{"a":0,"k":0,"ix":5},"nm":"Transform","_render":true}],"nm":"L","np":3,"cix":2,"bm":0,"ix":1,"mn":"ADBE Vector Group","hd":false,"_render":true},{"ty":"gr","it":[{"ind":0,"ty":"sh","ix":1,"ks":{"a":0,"k":{"i":[[-31.623,-3.0709999999999997],[-27.595,0.285],[-21.793000000000003,-0.3989999999999998],[-18.829,-4.743],[-19.412000000000003,-10.494],[-23.439999999999998,-13.851],[-29.241,-13.167],[-32.205,-8.822000000000001]],"o":[[-29.241,-0.3989999999999998],[-23.439999999999998,0.285],[-19.412000000000003,-3.0709999999999997],[-18.829,-8.822000000000001],[-21.793000000000003,-13.167],[-27.595,-13.851],[-31.623,-10.494],[-32.205,-4.743]],"v":[[-30.457,-1.767],[-25.517,0.285],[-20.577,-1.767],[-18.829,-6.783],[-20.577,-11.799],[-25.517,-13.851],[-30.457,-11.799],[-32.205,-6.783]],"c":true},"ix":2},"nm":"O","mn":"ADBE Vector Shape - Group","hd":false,"_render":true},{"ind":1,"ty":"sh","ix":2,"ks":{"a":0,"k":{"i":[[-28.431,-8.835],[-26.581,-10.811],[-23.643,-10.393],[-22.363,-7.91],[-22.604,-4.731],[-24.453,-2.755],[-27.392000000000003,-3.1730000000000005],[-28.671,-5.655]],"o":[[-27.392000000000003,-10.393],[-24.453,-10.811],[-22.604,-8.835],[-22.363,-5.655],[-23.643,-3.1730000000000005],[-26.581,-2.755],[-28.431,-4.731],[-28.671,-7.91]],"v":[[-27.949,-9.557],[-25.517,-10.811],[-23.085,-9.557],[-22.363,-6.783],[-23.085,-4.009],[-25.517,-2.755],[-27.949,-4.009],[-28.671,-6.783]],"c":true},"ix":2},"nm":"O","mn":"ADBE Vector Shape - Group","hd":false,"_render":true},{"ty":"fl","c":{"a":0,"k":[0,0,0,1],"ix":4},"o":{"a":0,"k":100,"ix":5},"r":1,"bm":0,"nm":"Fill 1","mn":"ADBE Vector Graphic - Fill","hd":false,"_render":true},{"ty":"tr","p":{"a":1,"k":[{"i":{"x":0,"y":1},"o":{"x":1,"y":0},"t":5,"s":[0,0],"to":null,"ti":null},{"i":{"x":0,"y":1},"o":{"x":1,"y":0},"t":11,"s":[0,-3.326],"to":null,"ti":null},{"t":14.95703125,"s":[0,0]}],"ix":2},"a":{"a":0,"k":[0,0],"ix":1},"s":{"a":0,"k":[100,100],"ix":3},"r":{"a":0,"k":0,"ix":6},"o":{"a":0,"k":100,"ix":7},"sk":{"a":0,"k":0,"ix":4},"sa":{"a":0,"k":0,"ix":5},"nm":"Transform","_render":true}],"nm":"O","np":4,"cix":2,"bm":0,"ix":2,"mn":"ADBE Vector Group","hd":false,"_render":true},{"ty":"gr","it":[{"ind":0,"ty":"sh","ix":1,"ks":{"a":0,"k":{"i":[[-11.419,-9.804],[-9.918,-5.054],[-12.996,-5.054],[-11.457,-9.804]],"o":[[-11.419,-9.804],[-9.918,-5.054],[-12.996,-5.054],[-11.457,-9.804]],"v":[[-11.419,-9.804],[-9.918,-5.054],[-12.996,-5.054],[-11.457,-9.804]],"c":true},"ix":2},"nm":"A","mn":"ADBE Vector Shape - Group","hd":false,"_render":true},{"ind":1,"ty":"sh","ix":2,"ks":{"a":0,"k":{"i":[[-14.668,0],[-13.813,-2.432],[-9.082,-2.432],[-8.246,0],[-4.56,0],[-9.633,-13.566],[-13.224,-13.566],[-18.297,0]],"o":[[-14.668,0],[-13.813,-2.432],[-9.082,-2.432],[-8.246,0],[-4.56,0],[-9.633,-13.566],[-13.224,-13.566],[-18.297,0]],"v":[[-14.668,0],[-13.813,-2.432],[-9.082,-2.432],[-8.246,0],[-4.56,0],[-9.633,-13.566],[-13.224,-13.566],[-18.297,0]],"c":true},"ix":2},"nm":"A","mn":"ADBE Vector Shape - Group","hd":false,"_render":true},{"ty":"fl","c":{"a":0,"k":[0,0,0,1],"ix":4},"o":{"a":0,"k":100,"ix":5},"r":1,"bm":0,"nm":"Fill 1","mn":"ADBE Vector Graphic - Fill","hd":false,"_render":true},{"ty":"tr","p":{"a":1,"k":[{"i":{"x":0,"y":1},"o":{"x":1,"y":0},"t":11,"s":[0,0],"to":null,"ti":null},{"i":{"x":0,"y":1},"o":{"x":1,"y":0},"t":16,"s":[0,-3.55],"to":null,"ti":null},{"t":20.564453125,"s":[0,0]}],"ix":2},"a":{"a":0,"k":[0,0],"ix":1},"s":{"a":0,"k":[100,100],"ix":3},"r":{"a":0,"k":0,"ix":6},"o":{"a":0,"k":100,"ix":7},"sk":{"a":0,"k":0,"ix":4},"sa":{"a":0,"k":0,"ix":5},"nm":"Transform","_render":true}],"nm":"A","np":4,"cix":2,"bm":0,"ix":3,"mn":"ADBE Vector Group","hd":false,"_render":true},{"ty":"gr","it":[{"ind":0,"ty":"sh","ix":1,"ks":{"a":0,"k":{"i":[[2.299,0],[6.0200000000000005,-0.589],[8.949,-4.635999999999999],[8.36,-10.588999999999999],[4.3759999999999994,-13.566],[-3.534,-13.566],[-3.534,0]],"o":[[4.388999999999999,0],[8.363,-2.945],[8.949,-8.942],[6.0040000000000004,-12.969999999999999],[2.299,-13.566],[-3.534,-13.566],[-3.534,0]],"v":[[2.299,0],[7.192,-1.767],[8.949,-6.84],[7.182,-11.78],[2.299,-13.566],[-3.534,-13.566],[-3.534,0]],"c":true},"ix":2},"nm":"D","mn":"ADBE Vector Shape - Group","hd":false,"_render":true},{"ind":1,"ty":"sh","ix":2,"ks":{"a":0,"k":{"i":[[1.672,-10.526],[5.415,-9.303],[5.127,-4.528],[3.0140000000000002,-3.04],[0,-3.04],[0,-10.526]],"o":[[4.167,-10.526],[5.415,-5.503],[3.974,-3.3369999999999997],[1.672,-3.04],[0,-3.04],[0,-10.526]],"v":[[1.672,-10.526],[5.415,-6.859],[4.551,-3.933],[1.672,-3.04],[0,-3.04],[0,-10.526]],"c":true},"ix":2},"nm":"D","mn":"ADBE Vector Shape - Group","hd":false,"_render":true},{"ty":"fl","c":{"a":0,"k":[0,0,0,1],"ix":4},"o":{"a":0,"k":100,"ix":5},"r":1,"bm":0,"nm":"Fill 1","mn":"ADBE Vector Graphic - Fill","hd":false,"_render":true},{"ty":"tr","p":{"a":1,"k":[{"i":{"x":0,"y":1},"o":{"x":1,"y":0},"t":16,"s":[0,0],"to":null,"ti":null},{"i":{"x":0,"y":1},"o":{"x":1,"y":0},"t":22,"s":[0,-3.212],"to":null,"ti":null},{"t":26.173828125,"s":[0,0]}],"ix":2},"a":{"a":0,"k":[0,0],"ix":1},"s":{"a":0,"k":[100,100],"ix":3},"r":{"a":0,"k":0,"ix":6},"o":{"a":0,"k":100,"ix":7},"sk":{"a":0,"k":0,"ix":4},"sa":{"a":0,"k":0,"ix":5},"nm":"Transform","_render":true}],"nm":"D","np":4,"cix":2,"bm":0,"ix":4,"mn":"ADBE Vector Group","hd":false,"_render":true},{"ty":"gr","it":[{"ind":0,"ty":"sh","ix":1,"ks":{"a":0,"k":{"i":[[14.421,0],[14.421,-13.566],[10.887,-13.566],[10.887,0]],"o":[[14.421,0],[14.421,-13.566],[10.887,-13.566],[10.887,0]],"v":[[14.421,0],[14.421,-13.566],[10.887,-13.566],[10.887,0]],"c":true},"ix":2},"nm":"I","mn":"ADBE Vector Shape - Group","hd":false,"_render":true},{"ty":"fl","c":{"a":0,"k":[0,0,0,1],"ix":4},"o":{"a":0,"k":100,"ix":5},"r":1,"bm":0,"nm":"Fill 1","mn":"ADBE Vector Graphic - Fill","hd":false,"_render":true},{"ty":"tr","p":{"a":1,"k":[{"i":{"x":0,"y":1},"o":{"x":1,"y":0},"t":22,"s":[0,0],"to":null,"ti":null},{"i":{"x":0,"y":1},"o":{"x":1,"y":0},"t":28,"s":[0,-3.423],"to":null,"ti":null},{"t":31.783203125,"s":[0,0]}],"ix":2},"a":{"a":0,"k":[0,0],"ix":1},"s":{"a":0,"k":[100,100],"ix":3},"r":{"a":0,"k":0,"ix":6},"o":{"a":0,"k":100,"ix":7},"sk":{"a":0,"k":0,"ix":4},"sa":{"a":0,"k":0,"ix":5},"nm":"Transform","_render":true}],"nm":"I","np":3,"cix":2,"bm":0,"ix":5,"mn":"ADBE Vector Group","hd":false,"_render":true},{"ty":"gr","it":[{"ind":0,"ty":"sh","ix":1,"ks":{"a":0,"k":{"i":[[20.159,0],[20.159,-8.455],[24.892,0],[28.538,0],[28.538,-13.566],[25.213,-13.566],[25.213,-5.206],[20.479,-13.566],[16.834,-13.566],[16.834,0]],"o":[[20.159,0],[20.159,-8.455],[24.892,0],[28.538,0],[28.538,-13.566],[25.213,-13.566],[25.213,-5.206],[20.479,-13.566],[16.834,-13.566],[16.834,0]],"v":[[20.159,0],[20.159,-8.455],[24.892,0],[28.538,0],[28.538,-13.566],[25.213,-13.566],[25.213,-5.206],[20.479,-13.566],[16.834,-13.566],[16.834,0]],"c":true},"ix":2},"nm":"N","mn":"ADBE Vector Shape - Group","hd":false,"_render":true},{"ty":"fl","c":{"a":0,"k":[0,0,0,1],"ix":4},"o":{"a":0,"k":100,"ix":5},"r":1,"bm":0,"nm":"Fill 1","mn":"ADBE Vector Graphic - Fill","hd":false,"_render":true},{"ty":"tr","p":{"a":1,"k":[{"i":{"x":0,"y":1},"o":{"x":1,"y":0},"t":28,"s":[0,0],"to":null,"ti":null},{"i":{"x":0,"y":1},"o":{"x":1,"y":0},"t":33,"s":[0,-3.659],"to":null,"ti":null},{"t":37.390625,"s":[0,0]}],"ix":2},"a":{"a":0,"k":[0,0],"ix":1},"s":{"a":0,"k":[100,100],"ix":3},"r":{"a":0,"k":0,"ix":6},"o":{"a":0,"k":100,"ix":7},"sk":{"a":0,"k":0,"ix":4},"sa":{"a":0,"k":0,"ix":5},"nm":"Transform","_render":true}],"nm":"N","np":3,"cix":2,"bm":0,"ix":6,"mn":"ADBE Vector Group","hd":false,"_render":true},{"ty":"gr","it":[{"ind":0,"ty":"sh","ix":1,"ks":{"a":0,"k":{"i":[[37.772,-7.429],[37.772,-4.807],[40.242,-4.807],[39.811,-3.689],[37.986999999999995,-2.755],[35.251000000000005,-3.1730000000000005],[33.972,-5.655],[34.212,-8.835],[36.062,-10.811],[38.462,-10.642000000000001],[39.754,-9.519],[43.339,-8.949],[42.477,-11.786],[38.747,-13.851],[33.556,-13.176],[30.438,-8.797],[31.052,-3.097],[35.187999999999995,0.285],[40.147,-0.30400000000000005],[41.192,0],[43.472,0],[43.472,-7.429]],"o":[[37.772,-7.429],[37.772,-4.807],[40.14,-4.186],[38.696,-2.9419999999999997],[36.062,-2.755],[34.212,-4.731],[33.972,-7.91],[35.251000000000005,-10.393],[37.848,-10.811],[39.475,-9.971],[39.805,-8.949],[43.187,-10.545],[40.083,-13.458],[35.187999999999995,-13.851],[31.060999999999996,-10.478],[30.438,-4.769],[33.547,-0.3989999999999998],[38.885999999999996,0.285],[40.983,-1.482],[41.192,0],[43.472,0],[43.472,-7.429]],"v":[[37.772,-7.429],[37.772,-4.807],[40.242,-4.807],[39.254,-3.316],[37.126,-2.755],[34.694,-4.009],[33.972,-6.783],[34.694,-9.557],[37.126,-10.811],[38.969,-10.307],[39.805,-8.949],[43.339,-8.949],[41.211,-12.673],[37.202,-13.851],[32.309,-11.827],[30.438,-6.783],[32.281,-1.767],[37.202,0.285],[40.983,-1.482],[41.192,0],[43.472,0],[43.472,-7.429]],"c":true},"ix":2},"nm":"G","mn":"ADBE Vector Shape - Group","hd":false,"_render":true},{"ty":"fl","c":{"a":0,"k":[0,0,0,1],"ix":4},"o":{"a":0,"k":100,"ix":5},"r":1,"bm":0,"nm":"Fill 1","mn":"ADBE Vector Graphic - Fill","hd":false,"_render":true},{"ty":"tr","p":{"a":1,"k":[{"i":{"x":0,"y":1},"o":{"x":1,"y":0},"t":33,"s":[0,0],"to":null,"ti":null},{"i":{"x":0,"y":1},"o":{"x":1,"y":0},"t":39,"s":[0,-3.302],"to":null,"ti":null},{"t":43,"s":[0,0]}],"ix":2},"a":{"a":0,"k":[0,0],"ix":1},"s":{"a":0,"k":[100,100],"ix":3},"r":{"a":0,"k":0,"ix":6},"o":{"a":0,"k":100,"ix":7},"sk":{"a":0,"k":0,"ix":4},"sa":{"a":0,"k":0,"ix":5},"nm":"Transform","_render":true}],"nm":"G","np":3,"cix":2,"bm":0,"ix":7,"mn":"ADBE Vector Group","hd":false,"_render":true}],"ip":0,"op":80,"st":0,"bm":0,"completed":true},{"ddd":0,"ind":3,"ty":4,"nm":"Index_finger","sr":1,"ks":{"o":{"a":0,"k":100,"ix":11},"r":{"a":0,"k":0,"ix":10},"p":{"a":0,"k":[256,256,0],"ix":2},"a":{"a":0,"k":[0,0,0],"ix":1},"s":{"a":0,"k":[100,100,100],"ix":6}},"ao":0,"shapes":[{"ty":"gr","it":[{"ind":0,"ty":"sh","ix":1,"ks":{"a":1,"k":[{"i":{"x":0.833,"y":0.833},"o":{"x":0.167,"y":0.167},"t":0,"s":[{"i":[[39.888,-129.005],[17,-130.25],[8.25,-128.5],[4.75,-74.5],[11.5,-58.75],[36.5,-64],[40.75,-116]],"o":[[21.5,-132.25],[17,-130.25],[5.25,-107.5],[11.25,-61],[33,-56.75],[41,-72],[40.25,-116.5]],"v":[[30,-130.75],[17,-130.25],[6.75,-118],[8,-67.75],[22.25,-57.75],[38.75,-68],[40.5,-116.25]],"c":true}]},{"i":{"x":0.833,"y":0.833},"o":{"x":0.167,"y":0.167},"t":6,"s":[{"i":[[39.888,-131.377],[17,-132.622],[8.25,-130.872],[5.029,-76.314],[11.779,-60.564],[36.779,-65.814],[40.75,-118.372]],"o":[[21.5,-134.622],[17,-132.622],[5.25,-109.872],[11.529,-62.81399999999999],[33.278999999999996,-58.564],[41.279,-73.814],[40.25,-118.872]],"v":[[30,-133.122],[17,-132.622],[6.75,-120.372],[8.279,-69.564],[22.529,-59.564],[39.029,-69.814],[40.5,-118.622]],"c":true}]},{"i":{"x":0.833,"y":0.833},"o":{"x":0.167,"y":0.167},"t":11,"s":[{"i":[[39.888,-127.85399999999998],[17,-129.099],[8.25,-127.349],[5.2620000000000005,-72.326],[12.012,-56.576],[37.012,-61.82599999999999],[40.75,-114.849]],"o":[[21.5,-131.099],[17,-129.099],[5.25,-106.349],[11.762,-58.82599999999999],[33.512,-54.576],[41.512,-69.826],[40.25,-115.349]],"v":[[30,-129.599],[17,-129.099],[6.75,-116.849],[8.512,-65.576],[22.762,-55.576],[39.262,-65.826],[40.5,-115.099]],"c":true}]},{"i":{"x":0.833,"y":0.833},"o":{"x":0.167,"y":0.167},"t":22,"s":[{"i":[[39.5,-69],[15.5,-73.948],[6.75,-72.19800000000001],[27.273,28.848999999999997],[34.023,44.599],[59.995000000000005,39.757],[45.75,-45.698]],"o":[[22.029,-76.25999999999999],[15.5,-73.948],[3.75,-51.198],[33.772999999999996,42.349],[55.523,46.599],[65,22.499999999999996],[45.25,-46.198]],"v":[[30,-72.948],[15.5,-73.948],[5.25,-61.698],[30.523,35.599],[44.773,45.599],[61.273,35.349],[45.5,-45.948]],"c":true}]},{"i":{"x":0.833,"y":0.833},"o":{"x":0.167,"y":0.167},"t":30,"s":[{"i":[[39.5,-69],[15.5,-73.948],[6.75,-72.19800000000001],[27.273,28.848999999999997],[34.023,44.599],[59.995000000000005,39.757],[45.75,-45.698]],"o":[[22.029,-76.25999999999999],[15.5,-73.948],[3.75,-51.198],[33.772999999999996,42.349],[55.523,46.599],[65,22.499999999999996],[45.25,-46.198]],"v":[[30,-72.948],[15.5,-73.948],[5.25,-61.698],[30.523,35.599],[44.773,45.599],[61.273,35.349],[45.5,-45.948]],"c":true}]},{"t":43,"s":[{"i":[[39.888,-129.005],[17,-130.25],[8.25,-128.5],[4.75,-74.5],[11.5,-58.75],[36.5,-64],[40.75,-116]],"o":[[21.5,-132.25],[17,-130.25],[5.25,-107.5],[11.25,-61],[33,-56.75],[41,-72],[40.25,-116.5]],"v":[[30,-130.75],[17,-130.25],[6.75,-118],[8,-67.75],[22.25,-57.75],[38.75,-68],[40.5,-116.25]],"c":true}]}],"ix":2},"nm":"Path 1","mn":"ADBE Vector Shape - Group","hd":false,"_render":true},{"ty":"st","c":{"a":0,"k":[0.23,0.23,0.23,1],"ix":3},"o":{"a":0,"k":100,"ix":4},"w":{"a":0,"k":2,"ix":5},"lc":1,"lj":1,"ml":4,"bm":0,"nm":"Stroke 1","mn":"ADBE Vector Graphic - Stroke","hd":false,"_render":true},{"ty":"tr","p":{"a":0,"k":[0,0],"ix":2},"a":{"a":0,"k":[0,0],"ix":1},"s":{"a":0,"k":[100,100],"ix":3},"r":{"a":0,"k":0,"ix":6},"o":{"a":0,"k":100,"ix":7},"sk":{"a":0,"k":0,"ix":4},"sa":{"a":0,"k":0,"ix":5},"nm":"Transform","_render":true}],"nm":"Shape 3","np":3,"cix":2,"bm":0,"ix":1,"mn":"ADBE Vector Group","hd":false,"_render":true},{"ty":"gr","it":[{"ind":0,"ty":"sh","ix":1,"ks":{"a":1,"k":[{"i":{"x":0.833,"y":0.833},"o":{"x":0.167,"y":0.167},"t":0,"s":[{"i":[[39.888,-129.005],[17,-130.25],[25.75,-129.5],[31.387,-87.727],[25.511,-58.669],[36.5,-64],[40.75,-116]],"o":[[21.5,-132.25],[17,-130.25],[32.492,-106.161],[28.924,-68.957],[32.25,-57.75],[41,-72],[40.25,-116.5]],"v":[[30,-130.75],[17,-130.25],[29,-118.25],[29.75,-75.25],[26.75,-58.5],[38.75,-68],[40.5,-116.25]],"c":true}]},{"i":{"x":0.833,"y":0.833},"o":{"x":0.167,"y":0.167},"t":6,"s":[{"i":[[39.638,-131.255],[16.75,-132.5],[25.5,-131.75],[31.137,-89.977],[25.261,-60.919],[36.25,-66.25],[40.5,-118.25]],"o":[[21.25,-134.5],[16.75,-132.5],[32.242,-108.411],[28.674,-71.207],[32,-60],[40.75,-74.25],[40,-118.75]],"v":[[29.75,-133],[16.75,-132.5],[28.75,-120.5],[29.5,-77.5],[26.5,-60.75],[38.5,-70.25],[40.25,-118.5]],"c":true}]},{"i":{"x":0.833,"y":0.833},"o":{"x":0.167,"y":0.167},"t":11,"s":[{"i":[[39.888,-127.005],[17,-128.25],[25.75,-127.5],[31.387,-85.727],[25.511,-56.669],[36.5,-62],[40.75,-114]],"o":[[21.5,-130.25],[17,-128.25],[32.492,-104.161],[28.924,-66.957],[32.25,-55.75],[41,-70],[40.25,-114.5]],"v":[[30,-128.75],[17,-128.25],[29,-116.25],[29.75,-73.25],[26.75,-56.5],[38.75,-66],[40.5,-114.25]],"c":true}]},{"i":{"x":0.833,"y":0.833},"o":{"x":0.167,"y":0.167},"t":22,"s":[{"i":[[37.888,-72.005],[13,-73.25],[26.25,-71],[52,14.75],[51.015,43.81],[61.006,39.778999999999996],[44,-52]],"o":[[19.5,-75.25],[13,-73.25],[32.992,-47.661],[53.109,34.336],[55.5,44.5],[64.5,18.5],[43.5,-52.5]],"v":[[28,-73.75],[13,-73.25],[29.5,-59.75],[52.75,28],[52.25,44],[61.75,35.25],[43.75,-52.25]],"c":true}]},{"i":{"x":0.833,"y":0.833},"o":{"x":0.167,"y":0.167},"t":30,"s":[{"i":[[37.888,-72.005],[13,-73.25],[26.25,-71],[52,14.75],[51.015,43.81],[61.006,39.778999999999996],[44,-52]],"o":[[19.5,-75.25],[13,-73.25],[32.992,-47.661],[53.109,34.336],[55.5,44.5],[64.5,18.5],[43.5,-52.5]],"v":[[28,-73.75],[13,-73.25],[29.5,-59.75],[52.75,28],[52.25,44],[61.75,35.25],[43.75,-52.25]],"c":true}]},{"t":43,"s":[{"i":[[39.888,-129.005],[17,-130.25],[25.75,-129.5],[31.387,-87.727],[25.511,-58.669],[36.5,-64],[40.75,-116]],"o":[[21.5,-132.25],[17,-130.25],[32.492,-106.161],[28.924,-68.957],[32.25,-57.75],[41,-72],[40.25,-116.5]],"v":[[30,-130.75],[17,-130.25],[29,-118.25],[29.75,-75.25],[26.75,-58.5],[38.75,-68],[40.5,-116.25]],"c":true}]}],"ix":2},"nm":"Path 1","mn":"ADBE Vector Shape - Group","hd":false,"_render":true},{"ty":"fl","c":{"a":0,"k":[0.3665,0.055,0.945,1],"ix":4},"o":{"a":0,"k":100,"ix":5},"r":1,"bm":0,"nm":"Fill 1","mn":"ADBE Vector Graphic - Fill","hd":false,"_render":true},{"ty":"tr","p":{"a":0,"k":[0,0],"ix":2},"a":{"a":0,"k":[0,0],"ix":1},"s":{"a":0,"k":[100,100],"ix":3},"r":{"a":0,"k":0,"ix":6},"o":{"a":0,"k":100,"ix":7},"sk":{"a":0,"k":0,"ix":4},"sa":{"a":0,"k":0,"ix":5},"nm":"Transform","_render":true}],"nm":"Shape 2","np":3,"cix":2,"bm":0,"ix":2,"mn":"ADBE Vector Group","hd":false,"_render":true},{"ty":"gr","it":[{"ind":0,"ty":"sh","ix":1,"ks":{"a":1,"k":[{"i":{"x":0.833,"y":0.833},"o":{"x":0.167,"y":0.167},"t":0,"s":[{"i":[[39.888,-129.005],[17,-130.25],[8.25,-128.5],[4.75,-74.5],[11.5,-58.75],[36.5,-64],[40.75,-116]],"o":[[21.5,-132.25],[17,-130.25],[5.25,-107.5],[11.25,-61],[33,-56.75],[41,-72],[40.25,-116.5]],"v":[[30,-130.75],[17,-130.25],[6.75,-118],[8,-67.75],[22.25,-57.75],[38.75,-68],[40.5,-116.25]],"c":true}]},{"i":{"x":0.833,"y":0.833},"o":{"x":0.167,"y":0.167},"t":6,"s":[{"i":[[39.888,-131.377],[17,-132.622],[8.25,-130.872],[5.029,-76.314],[11.779,-60.564],[36.779,-65.814],[40.75,-118.372]],"o":[[21.5,-134.622],[17,-132.622],[5.25,-109.872],[11.529,-62.81399999999999],[33.278999999999996,-58.564],[41.279,-73.814],[40.25,-118.872]],"v":[[30,-133.122],[17,-132.622],[6.75,-120.372],[8.279,-69.564],[22.529,-59.564],[39.029,-69.814],[40.5,-118.622]],"c":true}]},{"i":{"x":0.833,"y":0.833},"o":{"x":0.167,"y":0.167},"t":11,"s":[{"i":[[39.888,-127.85399999999998],[17,-129.099],[8.25,-127.349],[5.2620000000000005,-72.326],[12.012,-56.576],[37.012,-61.82599999999999],[40.75,-114.849]],"o":[[21.5,-131.099],[17,-129.099],[5.25,-106.349],[11.762,-58.82599999999999],[33.512,-54.576],[41.512,-69.826],[40.25,-115.349]],"v":[[30,-129.599],[17,-129.099],[6.75,-116.849],[8.512,-65.576],[22.762,-55.576],[39.262,-65.826],[40.5,-115.099]],"c":true}]},{"i":{"x":0.833,"y":0.833},"o":{"x":0.167,"y":0.167},"t":22,"s":[{"i":[[39.5,-69],[15.5,-73.948],[6.75,-72.19800000000001],[27.273,28.848999999999997],[34.023,44.599],[59.995000000000005,39.757],[45.75,-45.698]],"o":[[22.029,-76.25999999999999],[15.5,-73.948],[3.75,-51.198],[33.772999999999996,42.349],[55.523,46.599],[65,22.499999999999996],[45.25,-46.198]],"v":[[30,-72.948],[15.5,-73.948],[5.25,-61.698],[30.523,35.599],[44.773,45.599],[61.273,35.349],[45.5,-45.948]],"c":true}]},{"i":{"x":0.833,"y":0.833},"o":{"x":0.167,"y":0.167},"t":30,"s":[{"i":[[39.5,-69],[15.5,-73.948],[6.75,-72.19800000000001],[27.273,28.848999999999997],[34.023,44.599],[59.995000000000005,39.757],[45.75,-45.698]],"o":[[22.029,-76.25999999999999],[15.5,-73.948],[3.75,-51.198],[33.772999999999996,42.349],[55.523,46.599],[65,22.499999999999996],[45.25,-46.198]],"v":[[30,-72.948],[15.5,-73.948],[5.25,-61.698],[30.523,35.599],[44.773,45.599],[61.273,35.349],[45.5,-45.948]],"c":true}]},{"t":43,"s":[{"i":[[39.888,-129.005],[17,-130.25],[8.25,-128.5],[4.75,-74.5],[11.5,-58.75],[36.5,-64],[40.75,-116]],"o":[[21.5,-132.25],[17,-130.25],[5.25,-107.5],[11.25,-61],[33,-56.75],[41,-72],[40.25,-116.5]],"v":[[30,-130.75],[17,-130.25],[6.75,-118],[8,-67.75],[22.25,-57.75],[38.75,-68],[40.5,-116.25]],"c":true}]}],"ix":2},"nm":"Path 1","mn":"ADBE Vector Shape - Group","hd":false,"_render":true},{"ty":"fl","c":{"a":0,"k":[0.5294,0.2745,1,1],"ix":4},"o":{"a":0,"k":100,"ix":5},"r":1,"bm":0,"nm":"Fill 1","mn":"ADBE Vector Graphic - Fill","hd":false,"_render":true},{"ty":"tr","p":{"a":0,"k":[0,0],"ix":2},"a":{"a":0,"k":[0,0],"ix":1},"s":{"a":0,"k":[100,100],"ix":3},"r":{"a":0,"k":0,"ix":6},"o":{"a":0,"k":100,"ix":7},"sk":{"a":0,"k":0,"ix":4},"sa":{"a":0,"k":0,"ix":5},"nm":"Transform","_render":true}],"nm":"Shape 1","np":3,"cix":2,"bm":0,"ix":3,"mn":"ADBE Vector Group","hd":false,"_render":true}],"ip":0,"op":80,"st":0,"bm":0,"completed":true},{"ddd":0,"ind":4,"ty":4,"nm":"Middle_finger","sr":1,"ks":{"o":{"a":0,"k":100,"ix":11},"r":{"a":0,"k":0,"ix":10},"p":{"a":0,"k":[256,256,0],"ix":2},"a":{"a":0,"k":[0,0,0],"ix":1},"s":{"a":0,"k":[100,100,100],"ix":6}},"ao":0,"shapes":[{"ty":"gr","it":[{"ind":0,"ty":"sh","ix":1,"ks":{"a":1,"k":[{"i":{"x":0.833,"y":0.833},"o":{"x":0.167,"y":0.167},"t":0,"s":[{"i":[[-15.125,-142.366],[-36,-130.75],[-37.25,-128.25],[-29.25,-78.75],[-23.75,-61.5],[6.5,-62.25],[-2.25,-127.25]],"o":[[-31.75,-139.5],[-36,-130.75],[-33.75,-106.75],[-26.75,-70.25],[-6.25,-60.5],[4.5,-88.25],[-8.25,-137.25]],"v":[[-24.5,-140.75],[-36,-130.75],[-35.5,-117.5],[-28,-74.5],[-15,-61],[5.5,-75.25],[-5.25,-132.25]],"c":true}]},{"i":{"x":0.833,"y":0.833},"o":{"x":0.167,"y":0.167},"t":11,"s":[{"i":[[-13.875,-117.366],[-34.75,-105.75],[-36,-103.25],[-21.75,-38.75],[-16.25,-21.5],[14,-22.25],[-1,-102.25]],"o":[[-30.5,-114.5],[-34.75,-105.75],[-32.5,-81.75],[-19.25,-30.25],[1.25,-20.5],[12,-48.25],[-7,-112.25]],"v":[[-23.25,-115.75],[-34.75,-105.75],[-34.25,-92.5],[-20.5,-34.5],[-7.5,-21],[13,-35.25],[-4,-107.25]],"c":true}]},{"i":{"x":0.833,"y":0.833},"o":{"x":0.167,"y":0.167},"t":22,"s":[{"i":[[-8.225,-74.97200000000001],[-33.863,-59.542],[-33.959,-53.242000000000004],[-13.133,18.387999999999998],[-4.601999999999999,47.413],[30.291,44.382000000000005],[5.1,-54.801]],"o":[[-33.708,-70.617],[-33.863,-59.542],[-30.224000000000004,-30.719],[-10.107999999999999,28.686],[16.572,48.625],[22.383,8.577],[-2.16,-66.917]],"v":[[-19.572,-73.033],[-33.863,-59.542],[-32.383,-43.737],[-11.62,23.537],[5.985,48.019],[25.79,24.003],[1.47,-60.859]],"c":true}]},{"i":{"x":0.833,"y":0.833},"o":{"x":0.167,"y":0.167},"t":28,"s":[{"i":[[-8.225,-74.97200000000001],[-33.863,-59.542],[-33.959,-53.242000000000004],[-13.133,18.387999999999998],[-4.601999999999999,47.413],[30.291,44.382000000000005],[5.1,-54.801]],"o":[[-33.708,-70.617],[-33.863,-59.542],[-30.224000000000004,-30.719],[-10.107999999999999,28.686],[16.572,48.625],[22.383,8.577],[-2.16,-66.917]],"v":[[-19.572,-73.033],[-33.863,-59.542],[-32.383,-43.737],[-11.62,23.537],[5.985,48.019],[25.79,24.003],[1.47,-60.859]],"c":true}]},{"t":43,"s":[{"i":[[-15.125,-142.366],[-36,-130.75],[-37.25,-128.25],[-29.25,-78.75],[-23.75,-61.5],[6.5,-62.25],[-2.25,-127.25]],"o":[[-31.75,-139.5],[-36,-130.75],[-33.75,-106.75],[-26.75,-70.25],[-6.25,-60.5],[4.5,-88.25],[-8.25,-137.25]],"v":[[-24.5,-140.75],[-36,-130.75],[-35.5,-117.5],[-28,-74.5],[-15,-61],[5.5,-75.25],[-5.25,-132.25]],"c":true}]}],"ix":2},"nm":"Path 1","mn":"ADBE Vector Shape - Group","hd":false,"_render":true},{"ty":"st","c":{"a":0,"k":[0.23,0.23,0.23,1],"ix":3},"o":{"a":0,"k":100,"ix":4},"w":{"a":0,"k":2,"ix":5},"lc":1,"lj":1,"ml":4,"bm":0,"nm":"Stroke 1","mn":"ADBE Vector Graphic - Stroke","hd":false,"_render":true},{"ty":"tr","p":{"a":0,"k":[-0.916,-1.008],"ix":2},"a":{"a":0,"k":[0,0],"ix":1},"s":{"a":0,"k":[100,100],"ix":3},"r":{"a":0,"k":0,"ix":6},"o":{"a":0,"k":100,"ix":7},"sk":{"a":0,"k":0,"ix":4},"sa":{"a":0,"k":0,"ix":5},"nm":"Transform","_render":true}],"nm":"Shape 3","np":3,"cix":2,"bm":0,"ix":1,"mn":"ADBE Vector Group","hd":false,"_render":true},{"ty":"gr","it":[{"ind":0,"ty":"sh","ix":1,"ks":{"a":1,"k":[{"i":{"x":0.833,"y":0.833},"o":{"x":0.167,"y":0.167},"t":0,"s":[{"i":[[-17.517,-141.41],[-18.084,-136.992],[-10.589,-109.797],[-4.584,-81.742],[-5.385,-61.785],[5.766,-70.262],[2.801,-114.67099999999999]],"o":[[-33.834,-139.867],[-10.454,-114.619],[-6.412,-90.666],[-2.9699999999999998,-61.726],[2.941,-64.074],[4.469,-94.557],[-8.171,-138.627]],"v":[[-24.5,-140.75],[-14.25,-125.75],[-8.75,-101.375],[-4,-74.5],[-1.875,-62.75],[5.5,-75.25],[-5.25,-132.25]],"c":true}]},{"i":{"x":0.833,"y":0.833},"o":{"x":0.167,"y":0.167},"t":11,"s":[{"i":[[-25.412,-116.257],[-9.105,-96.03],[-2.589,-68.547],[3.416,-40.492],[-1.237,-20.797],[13.766,-29.012],[2.822,-88.066]],"o":[[-16.584,-110.742],[-3.834,-74.742],[1.588,-49.416],[5.03,-20.476],[8.791,-22.055],[12.469,-53.307],[-8.084,-118.242]],"v":[[-23,-114.75],[-6.25,-84.5],[-0.75,-60.125],[4,-33.25],[2.375,-21.25],[13.5,-34],[-3.75,-106.25]],"c":true}]},{"i":{"x":0.833,"y":0.833},"o":{"x":0.167,"y":0.167},"t":22,"s":[{"i":[[-24.412,-74.007],[-5.605,-53.28],[3.161,-23.547],[15.416,26.758],[10.763,46.453],[25.766,38.238],[6.322,-45.316]],"o":[[-15.584,-68.492],[-0.3340000000000001,-31.992],[7.338,-4.416],[17.03,46.774],[20.791,45.195],[24.469,13.943000000000001],[-4.584,-75.492]],"v":[[-22,-72.5],[-2.75,-41.75],[5,-15.125],[16,34],[14.375,46],[25.5,33.25],[-0.25,-63.5]],"c":true}]},{"i":{"x":0.833,"y":0.833},"o":{"x":0.167,"y":0.167},"t":28,"s":[{"i":[[-24.412,-74.007],[-5.605,-53.28],[3.161,-23.547],[15.416,26.758],[10.763,46.453],[25.766,38.238],[6.322,-45.316]],"o":[[-15.584,-68.492],[-0.3340000000000001,-31.992],[7.338,-4.416],[17.03,46.774],[20.791,45.195],[24.469,13.943000000000001],[-4.584,-75.492]],"v":[[-22,-72.5],[-2.75,-41.75],[5,-15.125],[16,34],[14.375,46],[25.5,33.25],[-0.25,-63.5]],"c":true}]},{"t":43,"s":[{"i":[[-17.517,-141.41],[-18.084,-136.992],[-10.589,-109.797],[-4.584,-81.742],[-5.385,-61.785],[5.766,-70.262],[2.801,-114.67099999999999]],"o":[[-33.834,-139.867],[-10.454,-114.619],[-6.412,-90.666],[-2.9699999999999998,-61.726],[2.941,-64.074],[4.469,-94.557],[-8.171,-138.627]],"v":[[-24.5,-140.75],[-14.25,-125.75],[-8.75,-101.375],[-4,-74.5],[-1.875,-62.75],[5.5,-75.25],[-5.25,-132.25]],"c":true}]}],"ix":2},"nm":"Path 1","mn":"ADBE Vector Shape - Group","hd":false,"_render":true},{"ty":"fl","c":{"a":0,"k":[0.3665,0.055,0.945,1],"ix":4},"o":{"a":0,"k":100,"ix":5},"r":1,"bm":0,"nm":"Fill 1","mn":"ADBE Vector Graphic - Fill","hd":false,"_render":true},{"ty":"tr","p":{"a":0,"k":[-0.916,-1.008],"ix":2},"a":{"a":0,"k":[0,0],"ix":1},"s":{"a":0,"k":[100,100],"ix":3},"r":{"a":0,"k":0,"ix":6},"o":{"a":0,"k":100,"ix":7},"sk":{"a":0,"k":0,"ix":4},"sa":{"a":0,"k":0,"ix":5},"nm":"Transform","_render":true}],"nm":"Shape 2","np":3,"cix":2,"bm":0,"ix":2,"mn":"ADBE Vector Group","hd":false,"_render":true},{"ty":"gr","it":[{"ind":0,"ty":"sh","ix":1,"ks":{"a":1,"k":[{"i":{"x":0.833,"y":0.833},"o":{"x":0.167,"y":0.167},"t":0,"s":[{"i":[[-15.125,-142.366],[-36,-130.75],[-37.25,-128.25],[-29.25,-78.75],[-23.75,-61.5],[6.5,-62.25],[-2.25,-127.25]],"o":[[-31.75,-139.5],[-36,-130.75],[-33.75,-106.75],[-26.75,-70.25],[-6.25,-60.5],[4.5,-88.25],[-8.25,-137.25]],"v":[[-24.5,-140.75],[-36,-130.75],[-35.5,-117.5],[-28,-74.5],[-15,-61],[5.5,-75.25],[-5.25,-132.25]],"c":true}]},{"i":{"x":0.833,"y":0.833},"o":{"x":0.167,"y":0.167},"t":11,"s":[{"i":[[-13.875,-117.366],[-34.75,-105.75],[-36,-103.25],[-21.75,-38.75],[-16.25,-21.5],[14,-22.25],[-1,-102.25]],"o":[[-30.5,-114.5],[-34.75,-105.75],[-32.5,-81.75],[-19.25,-30.25],[1.25,-20.5],[12,-48.25],[-7,-112.25]],"v":[[-23.25,-115.75],[-34.75,-105.75],[-34.25,-92.5],[-20.5,-34.5],[-7.5,-21],[13,-35.25],[-4,-107.25]],"c":true}]},{"i":{"x":0.833,"y":0.833},"o":{"x":0.167,"y":0.167},"t":22,"s":[{"i":[[-8.225,-74.97200000000001],[-33.863,-59.542],[-33.959,-53.242000000000004],[-13.133,18.387999999999998],[-4.601999999999999,47.413],[30.291,44.382000000000005],[5.1,-54.801]],"o":[[-33.708,-70.617],[-33.863,-59.542],[-30.224000000000004,-30.719],[-10.107999999999999,28.686],[16.572,48.625],[22.383,8.577],[-2.16,-66.917]],"v":[[-19.572,-73.033],[-33.863,-59.542],[-32.383,-43.737],[-11.62,23.537],[5.985,48.019],[25.79,24.003],[1.47,-60.859]],"c":true}]},{"i":{"x":0.833,"y":0.833},"o":{"x":0.167,"y":0.167},"t":28,"s":[{"i":[[-8.225,-74.97200000000001],[-33.863,-59.542],[-33.959,-53.242000000000004],[-13.133,18.387999999999998],[-4.601999999999999,47.413],[30.291,44.382000000000005],[5.1,-54.801]],"o":[[-33.708,-70.617],[-33.863,-59.542],[-30.224000000000004,-30.719],[-10.107999999999999,28.686],[16.572,48.625],[22.383,8.577],[-2.16,-66.917]],"v":[[-19.572,-73.033],[-33.863,-59.542],[-32.383,-43.737],[-11.62,23.537],[5.985,48.019],[25.79,24.003],[1.47,-60.859]],"c":true}]},{"t":43,"s":[{"i":[[-15.125,-142.366],[-36,-130.75],[-37.25,-128.25],[-29.25,-78.75],[-23.75,-61.5],[6.5,-62.25],[-2.25,-127.25]],"o":[[-31.75,-139.5],[-36,-130.75],[-33.75,-106.75],[-26.75,-70.25],[-6.25,-60.5],[4.5,-88.25],[-8.25,-137.25]],"v":[[-24.5,-140.75],[-36,-130.75],[-35.5,-117.5],[-28,-74.5],[-15,-61],[5.5,-75.25],[-5.25,-132.25]],"c":true}]}],"ix":2},"nm":"Path 1","mn":"ADBE Vector Shape - Group","hd":false,"_render":true},{"ty":"fl","c":{"a":0,"k":[0.5294,0.2745,1,1],"ix":4},"o":{"a":0,"k":100,"ix":5},"r":1,"bm":0,"nm":"Fill 1","mn":"ADBE Vector Graphic - Fill","hd":false,"_render":true},{"ty":"tr","p":{"a":0,"k":[-0.916,-1.008],"ix":2},"a":{"a":0,"k":[0,0],"ix":1},"s":{"a":0,"k":[100,100],"ix":3},"r":{"a":0,"k":0,"ix":6},"o":{"a":0,"k":100,"ix":7},"sk":{"a":0,"k":0,"ix":4},"sa":{"a":0,"k":0,"ix":5},"nm":"Transform","_render":true}],"nm":"Shape 1","np":3,"cix":2,"bm":0,"ix":3,"mn":"ADBE Vector Group","hd":false,"_render":true}],"ip":0,"op":80,"st":0,"bm":0,"completed":true},{"ddd":0,"ind":5,"ty":4,"nm":"Ring_finger","sr":1,"ks":{"o":{"a":0,"k":100,"ix":11},"r":{"a":0,"k":0,"ix":10},"p":{"a":0,"k":[256,256,0],"ix":2},"a":{"a":0,"k":[0,0,0],"ix":1},"s":{"a":0,"k":[100,100,100],"ix":6}},"ao":0,"shapes":[{"ty":"gr","it":[{"ind":0,"ty":"sh","ix":1,"ks":{"a":1,"k":[{"i":{"x":0.833,"y":0.833},"o":{"x":0.167,"y":0.167},"t":0,"s":[{"i":[[-45.5,-104],[-75.108,-98.492],[-75,-82.75],[-57.75,-31.25],[-22.114,-28.588],[-38.75,-83.5]],"o":[[-65.5,-106],[-76,-86],[-65.372,-57.305],[-42.25,-25.75],[-30.75,-64.75],[-40.75,-90.5]],"v":[[-55.5,-105],[-75.5,-93],[-71.5,-73.5],[-50,-28.5],[-26.75,-48],[-39.75,-87]],"c":true}]},{"i":{"x":0.833,"y":0.833},"o":{"x":0.167,"y":0.167},"t":11,"s":[{"i":[[-40.398,-62.81999999999999],[-73.50200000000001,-56.813],[-73.38199999999999,-39.650999999999996],[-46.75,39.25],[-6.5,43.5],[-32.851,-40.468999999999994]],"o":[[-62.76,-65],[-74.5,-43.194],[-62.617999999999995,-11.91],[-24.735,49.07],[-17.820999999999998,3.650000000000002],[-35.087,-48.101]],"v":[[-51.579,-63.91],[-73.941,-50.826],[-69.469,-29.566],[-34.429,44.746],[-12.683,21.736],[-33.969,-44.285]],"c":true}]},{"i":{"x":0.833,"y":0.833},"o":{"x":0.167,"y":0.167},"t":25,"s":[{"i":[[-40.398,-62.81999999999999],[-73.50200000000001,-56.813],[-73.38199999999999,-39.650999999999996],[-46.75,39.25],[-6.5,43.5],[-32.851,-40.468999999999994]],"o":[[-62.76,-65],[-74.5,-43.194],[-62.617999999999995,-11.91],[-24.735,49.07],[-17.820999999999998,3.650000000000002],[-35.087,-48.101]],"v":[[-51.579,-63.91],[-73.941,-50.826],[-69.469,-29.566],[-34.429,44.746],[-12.683,21.736],[-33.969,-44.285]],"c":true}]},{"t":36,"s":[{"i":[[-45.5,-104],[-75.108,-98.492],[-75,-82.75],[-57.75,-31.25],[-22.114,-28.588],[-38.75,-83.5]],"o":[[-65.5,-106],[-76,-86],[-65.372,-57.305],[-42.25,-25.75],[-30.75,-64.75],[-40.75,-90.5]],"v":[[-55.5,-105],[-75.5,-93],[-71.5,-73.5],[-50,-28.5],[-26.75,-48],[-39.75,-87]],"c":true}]}],"ix":2},"nm":"Path 1","mn":"ADBE Vector Shape - Group","hd":false,"_render":true},{"ty":"st","c":{"a":0,"k":[0.23,0.23,0.23,1],"ix":3},"o":{"a":0,"k":100,"ix":4},"w":{"a":0,"k":2,"ix":5},"lc":1,"lj":1,"ml":4,"bm":0,"nm":"Stroke 1","mn":"ADBE Vector Graphic - Stroke","hd":false,"_render":true},{"ty":"tr","p":{"a":0,"k":[0,0],"ix":2},"a":{"a":0,"k":[0,0],"ix":1},"s":{"a":0,"k":[100,100],"ix":3},"r":{"a":0,"k":0,"ix":6},"o":{"a":0,"k":100,"ix":7},"sk":{"a":0,"k":0,"ix":4},"sa":{"a":0,"k":0,"ix":5},"nm":"Transform","_render":true}],"nm":"Shape 3","np":3,"cix":2,"bm":0,"ix":1,"mn":"ADBE Vector Group","hd":false,"_render":true},{"ty":"gr","it":[{"ind":0,"ty":"sh","ix":1,"ks":{"a":1,"k":[{"i":{"x":0.833,"y":0.833},"o":{"x":0.167,"y":0.167},"t":0,"s":[{"i":[[-45.453,-104.749],[-66.875,-104.375],[-50.5,-84.75],[-33.5,-37.25],[-22.75,-33.125],[-38.75,-83.5]],"o":[[-60.5,-105.125],[-53.302,-95.649],[-40.872,-59.305],[-40.996,-26.006],[-31.222,-64.63],[-40.75,-90.5]],"v":[[-55.5,-105],[-63.375,-102.125],[-47,-75.5],[-39.25,-28.625],[-26.75,-48],[-39.75,-87]],"c":true}]},{"i":{"x":0.833,"y":0.833},"o":{"x":0.167,"y":0.167},"t":11,"s":[{"i":[[-42.453,-63.499],[-64.186,-62.545],[-47.769999999999996,-49.046],[-17,35],[-9.881,39.878],[-35,-48.25]],"o":[[-57.5,-63.875],[-49.25,-56],[-34,-22.25],[-24.496,46.244],[-16.25,2],[-37,-55.25]],"v":[[-52.5,-63.75],[-60.375,-60.875],[-43.25,-40.25],[-22.75,43.625],[-11.5,30.25],[-36,-51.75]],"c":true}]},{"i":{"x":0.833,"y":0.833},"o":{"x":0.167,"y":0.167},"t":25,"s":[{"i":[[-42.453,-63.499],[-64.186,-62.545],[-47.769999999999996,-49.046],[-17,35],[-9.881,39.878],[-35,-48.25]],"o":[[-57.5,-63.875],[-49.25,-56],[-34,-22.25],[-24.496,46.244],[-16.25,2],[-37,-55.25]],"v":[[-52.5,-63.75],[-60.375,-60.875],[-43.25,-40.25],[-22.75,43.625],[-11.5,30.25],[-36,-51.75]],"c":true}]},{"t":36,"s":[{"i":[[-45.453,-104.749],[-66.875,-104.375],[-50.5,-84.75],[-33.5,-37.25],[-22.75,-33.125],[-38.75,-83.5]],"o":[[-60.5,-105.125],[-53.302,-95.649],[-40.872,-59.305],[-40.996,-26.006],[-31.222,-64.63],[-40.75,-90.5]],"v":[[-55.5,-105],[-63.375,-102.125],[-47,-75.5],[-39.25,-28.625],[-26.75,-48],[-39.75,-87]],"c":true}]}],"ix":2},"nm":"Path 1","mn":"ADBE Vector Shape - Group","hd":false,"_render":true},{"ty":"fl","c":{"a":0,"k":[0.3665,0.055,0.945,1],"ix":4},"o":{"a":0,"k":100,"ix":5},"r":1,"bm":0,"nm":"Fill 1","mn":"ADBE Vector Graphic - Fill","hd":false,"_render":true},{"ty":"tr","p":{"a":0,"k":[0,0],"ix":2},"a":{"a":0,"k":[0,0],"ix":1},"s":{"a":0,"k":[100,100],"ix":3},"r":{"a":0,"k":0,"ix":6},"o":{"a":0,"k":100,"ix":7},"sk":{"a":0,"k":0,"ix":4},"sa":{"a":0,"k":0,"ix":5},"nm":"Transform","_render":true}],"nm":"Shape 2","np":3,"cix":2,"bm":0,"ix":2,"mn":"ADBE Vector Group","hd":false,"_render":true},{"ty":"gr","it":[{"ind":0,"ty":"sh","ix":1,"ks":{"a":1,"k":[{"i":{"x":0.833,"y":0.833},"o":{"x":0.167,"y":0.167},"t":0,"s":[{"i":[[-45.5,-104],[-75.108,-98.492],[-75,-82.75],[-57.75,-31.25],[-22.114,-28.588],[-38.75,-83.5]],"o":[[-65.5,-106],[-76,-86],[-65.372,-57.305],[-42.25,-25.75],[-30.75,-64.75],[-40.75,-90.5]],"v":[[-55.5,-105],[-75.5,-93],[-71.5,-73.5],[-50,-28.5],[-26.75,-48],[-39.75,-87]],"c":true}]},{"i":{"x":0.833,"y":0.833},"o":{"x":0.167,"y":0.167},"t":11,"s":[{"i":[[-40.398,-62.81999999999999],[-73.50200000000001,-56.813],[-73.38199999999999,-39.650999999999996],[-46.75,39.25],[-6.5,43.5],[-32.851,-40.468999999999994]],"o":[[-62.76,-65],[-74.5,-43.194],[-62.617999999999995,-11.91],[-24.735,49.07],[-17.820999999999998,3.650000000000002],[-35.087,-48.101]],"v":[[-51.579,-63.91],[-73.941,-50.826],[-69.469,-29.566],[-34.429,44.746],[-12.683,21.736],[-33.969,-44.285]],"c":true}]},{"i":{"x":0.833,"y":0.833},"o":{"x":0.167,"y":0.167},"t":25,"s":[{"i":[[-40.398,-62.81999999999999],[-73.50200000000001,-56.813],[-73.38199999999999,-39.650999999999996],[-46.75,39.25],[-6.5,43.5],[-32.851,-40.468999999999994]],"o":[[-62.76,-65],[-74.5,-43.194],[-62.617999999999995,-11.91],[-24.735,49.07],[-17.820999999999998,3.650000000000002],[-35.087,-48.101]],"v":[[-51.579,-63.91],[-73.941,-50.826],[-69.469,-29.566],[-34.429,44.746],[-12.683,21.736],[-33.969,-44.285]],"c":true}]},{"t":36,"s":[{"i":[[-45.5,-104],[-75.108,-98.492],[-75,-82.75],[-57.75,-31.25],[-22.114,-28.588],[-38.75,-83.5]],"o":[[-65.5,-106],[-76,-86],[-65.372,-57.305],[-42.25,-25.75],[-30.75,-64.75],[-40.75,-90.5]],"v":[[-55.5,-105],[-75.5,-93],[-71.5,-73.5],[-50,-28.5],[-26.75,-48],[-39.75,-87]],"c":true}]}],"ix":2},"nm":"Path 1","mn":"ADBE Vector Shape - Group","hd":false,"_render":true},{"ty":"fl","c":{"a":0,"k":[0.5294,0.2745,1,1],"ix":4},"o":{"a":0,"k":100,"ix":5},"r":1,"bm":0,"nm":"Fill 1","mn":"ADBE Vector Graphic - Fill","hd":false,"_render":true},{"ty":"tr","p":{"a":0,"k":[0,0],"ix":2},"a":{"a":0,"k":[0,0],"ix":1},"s":{"a":0,"k":[100,100],"ix":3},"r":{"a":0,"k":0,"ix":6},"o":{"a":0,"k":100,"ix":7},"sk":{"a":0,"k":0,"ix":4},"sa":{"a":0,"k":0,"ix":5},"nm":"Transform","_render":true}],"nm":"Shape 1","np":3,"cix":2,"bm":0,"ix":3,"mn":"ADBE Vector Group","hd":false,"_render":true}],"ip":0,"op":80,"st":0,"bm":0,"completed":true},{"ddd":0,"ind":6,"ty":4,"nm":"little_finger","sr":1,"ks":{"o":{"a":0,"k":100,"ix":11},"r":{"a":0,"k":0,"ix":10},"p":{"a":0,"k":[256,256,0],"ix":2},"a":{"a":0,"k":[0,0,0],"ix":1},"s":{"a":0,"k":[100,100,100],"ix":6}},"ao":0,"shapes":[{"ty":"gr","it":[{"ind":0,"ty":"sh","ix":1,"ks":{"a":1,"k":[{"i":{"x":0.833,"y":0.833},"o":{"x":0.167,"y":0.167},"t":0,"s":[{"i":[[-67.375,-49.125],[-78,-59],[-96.5,-47.25],[-101,-32],[-88.939,2.7560000000000002],[-68.687,19.028],[-56.818,8.593],[-62.25,-19.75]],"o":[[-67.375,-49.125],[-95.5,-50.5],[-100,-41.75],[-97.5,-18],[-79.236,14.788],[-59.028,12.535],[-56.5,1.5],[-66.5,-32]],"v":[[-67.375,-49.125],[-86.75,-54.75],[-98.25,-44.5],[-99.25,-25],[-83.5,9.5],[-62.097,14.598],[-56.5,2],[-66.75,-32.5]],"c":false}]},{"i":{"x":0.833,"y":0.833},"o":{"x":0.167,"y":0.167},"t":11,"s":[{"i":[[-70.375,-33.875],[-77.704,-40.64],[-95,-29.75],[-99.1,-14.588000000000001],[-89,16.75],[-70.5,51.125],[-47.5,42.125],[-49.5,17]],"o":[[-70.375,-33.875],[-94.125,-33.5],[-98.5,-24.25],[-94.75,8.25],[-79.985,36.783],[-51.637,49.073],[-48.875,31],[-63.5,-12.25]],"v":[[-70.375,-33.875],[-85.5,-37.25],[-96.75,-27],[-97.75,-7.5],[-86.75,21.75],[-56.328,49.583],[-48.875,31.5],[-63.75,-12.75]],"c":false}]},{"i":{"x":0.833,"y":0.833},"o":{"x":0.167,"y":0.167},"t":25,"s":[{"i":[[-70.375,-33.875],[-77.704,-40.64],[-95,-29.75],[-99.1,-14.588000000000001],[-89,16.75],[-70.5,51.125],[-47.5,42.125],[-49.5,17]],"o":[[-70.375,-33.875],[-94.125,-33.5],[-98.5,-24.25],[-94.75,8.25],[-79.985,36.783],[-51.637,49.073],[-48.875,31],[-63.5,-12.25]],"v":[[-70.375,-33.875],[-85.5,-37.25],[-96.75,-27],[-97.75,-7.5],[-86.75,21.75],[-56.328,49.583],[-48.875,31.5],[-63.75,-12.75]],"c":false}]},{"t":43,"s":[{"i":[[-67.375,-49.125],[-78,-59],[-96.5,-47.25],[-101,-32],[-88.939,2.7560000000000002],[-68.687,19.028],[-56.818,8.593],[-62.25,-19.75]],"o":[[-67.375,-49.125],[-95.5,-50.5],[-100,-41.75],[-97.5,-18],[-79.236,14.788],[-59.028,12.535],[-56.5,1.5],[-66.5,-32]],"v":[[-67.375,-49.125],[-86.75,-54.75],[-98.25,-44.5],[-99.25,-25],[-83.5,9.5],[-62.097,14.598],[-56.5,2],[-66.75,-32.5]],"c":false}]}],"ix":2},"nm":"Path 1","mn":"ADBE Vector Shape - Group","hd":false,"_render":true},{"ty":"st","c":{"a":0,"k":[0.23,0.23,0.23,1],"ix":3},"o":{"a":0,"k":100,"ix":4},"w":{"a":0,"k":2,"ix":5},"lc":1,"lj":1,"ml":4,"bm":0,"nm":"Stroke 1","mn":"ADBE Vector Graphic - Stroke","hd":false,"_render":true},{"ty":"tr","p":{"a":0,"k":[0,0],"ix":2},"a":{"a":0,"k":[0,0],"ix":1},"s":{"a":0,"k":[100,100],"ix":3},"r":{"a":0,"k":0,"ix":6},"o":{"a":0,"k":100,"ix":7},"sk":{"a":0,"k":0,"ix":4},"sa":{"a":0,"k":0,"ix":5},"nm":"Transform","_render":true}],"nm":"Shape 3","np":3,"cix":2,"bm":0,"ix":1,"mn":"ADBE Vector Group","hd":false,"_render":true},{"ty":"gr","it":[{"ind":0,"ty":"sh","ix":1,"ks":{"a":1,"k":[{"i":{"x":0.833,"y":0.833},"o":{"x":0.167,"y":0.167},"t":0,"s":[{"i":[[-66.375,-48.625],[-71.25,-52],[-81,-49.25],[-85.5,-33.75],[-71.564,0.6310000000000002],[-58.5,14],[-56.347,3.3390000000000004],[-62.819,-28.19]],"o":[[-66.375,-48.625],[-78.761,-54.817],[-84.5,-43.75],[-82,-19.75],[-61.861,12.663],[-56.346000000000004,6.346000000000001],[-58.957,-13.32],[-65.625,-35.625]],"v":[[-66.375,-48.625],[-75.25,-53.5],[-82.75,-46.5],[-83.75,-26.75],[-66.125,7.375],[-57.472,10.348],[-57.125,-1.625],[-65.625,-35.625]],"c":false}]},{"i":{"x":0.833,"y":0.833},"o":{"x":0.167,"y":0.167},"t":11,"s":[{"i":[[-66.375,-30.125],[-69.5,-33.5],[-79.25,-30.75],[-83.75,-15.25],[-64.314,34.131],[-51.25,47.5],[-49.097,36.839],[-62.819,-9.690000000000001]],"o":[[-66.375,-30.125],[-77.011,-36.317],[-82.75,-25.25],[-80.25,-1.25],[-54.611,46.163],[-49.096000000000004,39.846],[-51.707,20.18],[-65.625,-17.125]],"v":[[-66.375,-30.125],[-73.5,-35],[-81,-28],[-82,-8.25],[-58.875,40.875],[-50.222,43.848],[-49.875,31.875],[-65.625,-17.125]],"c":false}]},{"i":{"x":0.833,"y":0.833},"o":{"x":0.167,"y":0.167},"t":25,"s":[{"i":[[-66.375,-30.125],[-69.5,-33.5],[-79.25,-30.75],[-83.75,-15.25],[-64.314,34.131],[-51.25,47.5],[-49.097,36.839],[-62.819,-9.690000000000001]],"o":[[-66.375,-30.125],[-77.011,-36.317],[-82.75,-25.25],[-80.25,-1.25],[-54.611,46.163],[-49.096000000000004,39.846],[-51.707,20.18],[-65.625,-17.125]],"v":[[-66.375,-30.125],[-73.5,-35],[-81,-28],[-82,-8.25],[-58.875,40.875],[-50.222,43.848],[-49.875,31.875],[-65.625,-17.125]],"c":false}]},{"t":43,"s":[{"i":[[-66.375,-48.625],[-71.25,-52],[-81,-49.25],[-85.5,-33.75],[-71.564,0.6310000000000002],[-58.5,14],[-56.347,3.3390000000000004],[-62.819,-28.19]],"o":[[-66.375,-48.625],[-78.761,-54.817],[-84.5,-43.75],[-82,-19.75],[-61.861,12.663],[-56.346000000000004,6.346000000000001],[-58.957,-13.32],[-65.625,-35.625]],"v":[[-66.375,-48.625],[-75.25,-53.5],[-82.75,-46.5],[-83.75,-26.75],[-66.125,7.375],[-57.472,10.348],[-57.125,-1.625],[-65.625,-35.625]],"c":false}]}],"ix":2},"nm":"Path 1","mn":"ADBE Vector Shape - Group","hd":false,"_render":true},{"ty":"fl","c":{"a":0,"k":[0.3665,0.055,0.945,1],"ix":4},"o":{"a":0,"k":100,"ix":5},"r":1,"bm":0,"nm":"Fill 1","mn":"ADBE Vector Graphic - Fill","hd":false,"_render":true},{"ty":"tr","p":{"a":0,"k":[0,0],"ix":2},"a":{"a":0,"k":[0,0],"ix":1},"s":{"a":0,"k":[100,100],"ix":3},"r":{"a":0,"k":0,"ix":6},"o":{"a":0,"k":100,"ix":7},"sk":{"a":0,"k":0,"ix":4},"sa":{"a":0,"k":0,"ix":5},"nm":"Transform","_render":true}],"nm":"Shape 2","np":3,"cix":2,"bm":0,"ix":2,"mn":"ADBE Vector Group","hd":false,"_render":true},{"ty":"gr","it":[{"ind":0,"ty":"sh","ix":1,"ks":{"a":1,"k":[{"i":{"x":0.833,"y":0.833},"o":{"x":0.167,"y":0.167},"t":0,"s":[{"i":[[-67.375,-49.125],[-78,-59],[-96.5,-47.25],[-101,-32],[-88.939,2.7560000000000002],[-68.687,19.028],[-56.818,8.593],[-62.25,-19.75]],"o":[[-67.375,-49.125],[-95.5,-50.5],[-100,-41.75],[-97.5,-18],[-79.236,14.788],[-59.028,12.535],[-56.5,1.5],[-66.5,-32]],"v":[[-67.375,-49.125],[-86.75,-54.75],[-98.25,-44.5],[-99.25,-25],[-83.5,9.5],[-62.097,14.598],[-56.5,2],[-66.75,-32.5]],"c":false}]},{"i":{"x":0.833,"y":0.833},"o":{"x":0.167,"y":0.167},"t":11,"s":[{"i":[[-70.375,-33.875],[-77.704,-40.64],[-95,-29.75],[-99.1,-14.588000000000001],[-89,16.75],[-70.5,51.125],[-47.5,42.125],[-49.5,17]],"o":[[-70.375,-33.875],[-94.125,-33.5],[-98.5,-24.25],[-94.75,8.25],[-79.985,36.783],[-51.637,49.073],[-48.875,31],[-63.5,-12.25]],"v":[[-70.375,-33.875],[-85.5,-37.25],[-96.75,-27],[-97.75,-7.5],[-86.75,21.75],[-56.328,49.583],[-48.875,31.5],[-63.75,-12.75]],"c":false}]},{"i":{"x":0.833,"y":0.833},"o":{"x":0.167,"y":0.167},"t":25,"s":[{"i":[[-70.375,-33.875],[-77.704,-40.64],[-95,-29.75],[-99.1,-14.588000000000001],[-89,16.75],[-70.5,51.125],[-47.5,42.125],[-49.5,17]],"o":[[-70.375,-33.875],[-94.125,-33.5],[-98.5,-24.25],[-94.75,8.25],[-79.985,36.783],[-51.637,49.073],[-48.875,31],[-63.5,-12.25]],"v":[[-70.375,-33.875],[-85.5,-37.25],[-96.75,-27],[-97.75,-7.5],[-86.75,21.75],[-56.328,49.583],[-48.875,31.5],[-63.75,-12.75]],"c":false}]},{"t":43,"s":[{"i":[[-67.375,-49.125],[-78,-59],[-96.5,-47.25],[-101,-32],[-88.939,2.7560000000000002],[-68.687,19.028],[-56.818,8.593],[-62.25,-19.75]],"o":[[-67.375,-49.125],[-95.5,-50.5],[-100,-41.75],[-97.5,-18],[-79.236,14.788],[-59.028,12.535],[-56.5,1.5],[-66.5,-32]],"v":[[-67.375,-49.125],[-86.75,-54.75],[-98.25,-44.5],[-99.25,-25],[-83.5,9.5],[-62.097,14.598],[-56.5,2],[-66.75,-32.5]],"c":false}]}],"ix":2},"nm":"Path 1","mn":"ADBE Vector Shape - Group","hd":false,"_render":true},{"ty":"fl","c":{"a":0,"k":[0.5294,0.2745,1,1],"ix":4},"o":{"a":0,"k":100,"ix":5},"r":1,"bm":0,"nm":"Fill 1","mn":"ADBE Vector Graphic - Fill","hd":false,"_render":true},{"ty":"tr","p":{"a":0,"k":[0,0],"ix":2},"a":{"a":0,"k":[0,0],"ix":1},"s":{"a":0,"k":[100,100],"ix":3},"r":{"a":0,"k":0,"ix":6},"o":{"a":0,"k":100,"ix":7},"sk":{"a":0,"k":0,"ix":4},"sa":{"a":0,"k":0,"ix":5},"nm":"Transform","_render":true}],"nm":"Shape 1","np":3,"cix":2,"bm":0,"ix":3,"mn":"ADBE Vector Group","hd":false,"_render":true}],"ip":0,"op":80,"st":0,"bm":0,"completed":true},{"ddd":0,"ind":7,"ty":4,"nm":"Hand/Thump","sr":1,"ks":{"o":{"a":0,"k":100,"ix":11},"r":{"a":0,"k":0,"ix":10},"p":{"a":0,"k":[256,256,0],"ix":2},"a":{"a":0,"k":[0,0,0],"ix":1},"s":{"a":0,"k":[100,100,100],"ix":6}},"ao":0,"shapes":[{"ty":"gr","it":[{"ind":0,"ty":"sh","ix":1,"ks":{"a":1,"k":[{"i":{"x":0.833,"y":0.833},"o":{"x":0.167,"y":0.167},"t":0,"s":[{"i":[[68.75,-1],[56.25,12.5],[81,37],[111,38.75],[105,2],[65.75,-11],[42.5,-20],[36,-27],[32.625,-51.625],[-7.5,-86],[-68,-51.25],[-98,-32.5],[-67,38],[-21,44],[27,36],[55.625,20.812],[52.375,20.812],[62.188,21.062]],"o":[[68.75,-1],[69.25,31.5],[99,38.5],[114.5,9.75],[87.5,-5],[53.25,-15.5],[42.5,-20],[34.5,-37],[25.125,-62.625],[-59.5,-59],[-68.75,-50.5],[-73.5,23.5],[-43,44],[-4.25,33.5],[51.5,29],[55.625,20.812],[52.375,20.812],[62.188,21.062]],"v":[[68.75,-1],[62.75,22],[90,37.75],[112.75,24.25],[96.25,-1.5],[59.5,-13.25],[42.5,-20],[35.25,-32],[28.875,-57.125],[-33.5,-72.5],[-68.5,-50.25],[-74.5,22],[-55,41],[-5,34],[39.25,32.5],[55.625,20.812],[52.375,20.812],[62.188,21.062]],"c":false}]},{"i":{"x":0.833,"y":0.833},"o":{"x":0.167,"y":0.167},"t":11,"s":[{"i":[[68.511,-1.239],[54.455999999999996,11.663],[80.761,39.152],[108.728,40.065],[105.12,4.272],[61.32,-13.464],[44.533,-22.63],[40.946,-28.194999999999997],[33.22,-52.534],[3,-73],[-67.457,-42.033],[-98,-32.5],[-67,38],[-18.13,41.370000000000005],[27,36],[55.266,20.932],[52.375,20.812],[60.035,20.823]],"o":[[68.511,-1.239],[67.388,32.602000000000004],[98.761,40.652],[112.228,11.065000000000001],[87.62,-2.7279999999999998],[50.619,-18.25],[44.533,-22.63],[37.528999999999996,-38.022999999999996],[19.945999999999998,-63.924],[-53,-48],[-68.207,-41.283],[-73.5,23.5],[-43,44],[-1.38,30.87],[51.5,29],[55.266,20.932],[52.375,20.812],[60.035,20.823]],"v":[[68.511,-1.239],[61.315,22.837],[89.761,39.902],[110.478,25.565],[96.37,0.772],[55.315,-16.239],[44.533,-22.63],[39.12,-33.315],[28.538,-57.049],[-23.076,-62.848],[-67.957,-41.033],[-74.5,22],[-55,41],[-2.13,31.37],[39.25,32.5],[55.266,20.932],[52.375,20.812],[60.035,20.823]],"c":false}]},{"i":{"x":0.833,"y":0.833},"o":{"x":0.167,"y":0.167},"t":23,"s":[{"i":[[68.25,-1.5],[52.5,10.75],[80.5,41.5],[106.25,41.5],[105.25,6.75],[56.488,-16.153],[46.75,-25.5],[44.25,-29.5],[32.824,-51.435],[-2.161999999999999,-67.256],[-69.5,-33.75],[-93,-22.5],[-67,38],[-15,38.5],[27,36],[54.875,21.062],[52.375,20.812],[57.688,20.562]],"o":[[68.25,-1.5],[65.357,33.803],[98.5,43],[109.75,12.5],[87.75,-0.25],[47.75,-21.25],[46.75,-25.5],[38.742,-39.14],[13.25,-63.25],[-53,-42.5],[-70.25,-33],[-73.5,23.5],[-43,44],[1.75,28],[51.5,29],[54.875,21.062],[52.375,20.812],[57.688,20.562]],"v":[[68.25,-1.5],[59.75,23.75],[89.5,42.25],[108,27],[96.5,3.25],[50.75,-19.5],[46.75,-25.5],[41.25,-34.75],[27.125,-54.875],[-24.25,-56.5],[-70,-32.75],[-74.5,22],[-55,41],[1,28.5],[39.25,32.5],[54.875,21.062],[52.375,20.812],[57.688,20.562]],"c":false}]},{"i":{"x":0.833,"y":0.833},"o":{"x":0.167,"y":0.167},"t":25,"s":[{"i":[[68.25,-1.5],[52.5,10.75],[80.5,41.5],[106.25,41.5],[105.25,6.75],[56.488,-16.153],[46.75,-25.5],[44.25,-29.5],[32.824,-51.435],[-2.161999999999999,-67.256],[-69.5,-33.75],[-93,-22.5],[-67,38],[-15,38.5],[27,36],[54.875,21.062],[52.375,20.812],[57.688,20.562]],"o":[[68.25,-1.5],[65.357,33.803],[98.5,43],[109.75,12.5],[87.75,-0.25],[47.75,-21.25],[46.75,-25.5],[38.742,-39.14],[13.25,-63.25],[-53,-42.5],[-70.25,-33],[-73.5,23.5],[-43,44],[1.75,28],[51.5,29],[54.875,21.062],[52.375,20.812],[57.688,20.562]],"v":[[68.25,-1.5],[59.75,23.75],[89.5,42.25],[108,27],[96.5,3.25],[50.75,-19.5],[46.75,-25.5],[41.25,-34.75],[27.125,-54.875],[-24.25,-56.5],[-70,-32.75],[-74.5,22],[-55,41],[1,28.5],[39.25,32.5],[54.875,21.062],[52.375,20.812],[57.688,20.562]],"c":false}]},{"t":43,"s":[{"i":[[68.75,-1],[56.25,12.5],[81,37],[111,38.75],[105,2],[65.75,-11],[42.5,-20],[36,-27],[32.625,-51.625],[-7.5,-86],[-68,-51.25],[-98,-32.5],[-67,38],[-21,44],[27,36],[55.625,20.812],[52.375,20.812],[62.188,21.062]],"o":[[68.75,-1],[69.25,31.5],[99,38.5],[114.5,9.75],[87.5,-5],[53.25,-15.5],[42.5,-20],[34.5,-37],[25.125,-62.625],[-59.5,-59],[-68.75,-50.5],[-73.5,23.5],[-43,44],[-4.25,33.5],[51.5,29],[55.625,20.812],[52.375,20.812],[62.188,21.062]],"v":[[68.75,-1],[62.75,22],[90,37.75],[112.75,24.25],[96.25,-1.5],[59.5,-13.25],[42.5,-20],[35.25,-32],[28.875,-57.125],[-33.5,-72.5],[-68.5,-50.25],[-74.5,22],[-55,41],[-5,34],[39.25,32.5],[55.625,20.812],[52.375,20.812],[62.188,21.062]],"c":false}]}],"ix":2},"nm":"Path 1","mn":"ADBE Vector Shape - Group","hd":false,"_render":true},{"ty":"st","c":{"a":0,"k":[0.23,0.23,0.23,1],"ix":3},"o":{"a":0,"k":100,"ix":4},"w":{"a":0,"k":2,"ix":5},"lc":2,"lj":2,"bm":0,"nm":"Stroke 1","mn":"ADBE Vector Graphic - Stroke","hd":false,"_render":true},{"ty":"tr","p":{"a":0,"k":[0,0],"ix":2},"a":{"a":0,"k":[0,0],"ix":1},"s":{"a":0,"k":[100,100],"ix":3},"r":{"a":0,"k":0,"ix":6},"o":{"a":0,"k":100,"ix":7},"sk":{"a":0,"k":0,"ix":4},"sa":{"a":0,"k":0,"ix":5},"nm":"Transform","_render":true}],"nm":"Shape 3","np":3,"cix":2,"bm":0,"ix":1,"mn":"ADBE Vector Group","hd":false,"_render":true},{"ty":"gr","it":[{"ind":0,"ty":"sh","ix":1,"ks":{"a":1,"k":[{"i":{"x":0.833,"y":0.833},"o":{"x":0.167,"y":0.167},"t":0,"s":[{"i":[[-7.5,-86],[-59.75,-57.75],[-82.60900000000001,-43.388],[-35.467,-18.261],[-67.792,11.924],[-58.75,31.5],[-12.5,38],[35.422,29.716],[55.625,20.812],[59.125,21.124000000000002],[67.062,0.562],[69.25,-1.5],[94.875,0.125],[96.5,38.75],[112.375,33.375],[105,2],[65.75,-11],[42.5,-20],[36,-27],[32.625,-51.625]],"o":[[-59.5,-59],[-60.467,-56.967],[-72.21600000000001,-1.0759999999999996],[-35.467,-18.261],[-65.25,17],[-34.75,37.5],[4.25,27.5],[53.5,25],[55.625,20.812],[59.625,9.250000000000002],[67.062,0.562],[69.25,-1.5],[109.158,29.861],[103.878,37.52],[113.35,9.657],[87.5,-5],[53.25,-15.5],[42.5,-20],[34.5,-37],[25.125,-62.625]],"v":[[-33.5,-72.5],[-60.25,-56.75],[-72.938,-4.015],[-35.467,-18.261],[-66.25,15.5],[-46.75,34.5],[3.5,28],[47.75,26.5],[55.625,20.812],[61.125,20.812],[67.062,0.562],[69.25,-1.5],[102.5,16],[99.5,38.25],[112.75,24.25],[96.25,-1.5],[59.5,-13.25],[42.5,-20],[35.25,-32],[28.875,-57.125]],"c":true}]},{"i":{"x":0.833,"y":0.833},"o":{"x":0.167,"y":0.167},"t":11,"s":[{"i":[[1.75,-75],[-64.125,-43.875],[-75.75,-20.5],[-35.467,-18.261],[-67.792,11.924],[-58.75,31.5],[-8.25,34.25],[28.5,28.75],[52.125,20.312],[57.125,20.124000000000002],[67.062,0.562],[69.25,-1.5],[91.625,-0.625],[95.5,41],[109.875,35.625],[106.5,6.25],[68,-10.5],[47.25,-20.25],[41.25,-29],[32.625,-51.625]],"o":[[-61.068,-45.111000000000004],[-74.375,-32.375],[-72.437,-1.0299999999999998],[-35.467,-18.261],[-65.25,17],[-34.75,37.5],[8.5,23.75],[48.397,26.263],[52.125,20.312],[56.75,7.500000000000002],[67.062,0.562],[69.25,-1.5],[105.908,29.111],[102.878,39.77],[110.85,11.907],[89,-0.75],[55.5,-15],[47.25,-20.25],[36.805,-39.667],[25.125,-62.625]],"v":[[-29.25,-60.25],[-71.375,-37.625],[-72.938,-4.015],[-35.467,-18.261],[-66.25,15.5],[-46.75,34.5],[7.75,24.25],[42.5,27],[52.125,20.312],[59.125,19.812],[67.062,0.562],[69.25,-1.5],[99.25,15.25],[98.5,40.5],[110.25,26.5],[97.75,2.75],[61.75,-12.75],[47.25,-20.25],[38.75,-35],[28.875,-57.125]],"c":true}]},{"i":{"x":0.833,"y":0.833},"o":{"x":0.167,"y":0.167},"t":23,"s":[{"i":[[9,-74],[-58.75,-36],[-68.75,-12],[-28.467,-9.761],[-60.792,20.424],[-58.75,31.5],[-8.25,34.25],[28.5,28.75],[52.125,20.312],[57.125,20.124000000000002],[67.062,0.562],[69.25,-1.5],[93.271,7.828],[95.536,41.184],[108.125,32.375],[97,2.25],[65.125,-11.375],[51.75,-18.625],[48.125,-22.375],[37.875,-41.875]],"o":[[-53.915,-40.809],[-67,-23.5],[-65.437,7.470000000000001],[-28.467,-9.761],[-58.25,25.5],[-34.75,37.5],[8.5,23.75],[48.397,26.263],[52.125,20.312],[56.75,7.500000000000002],[67.062,0.562],[69.25,-1.5],[103,31.25],[105,39],[109.1,8.657],[79.5,-4.75],[53.024,-18.493],[51.75,-18.625],[43.227,-30.881999999999998],[30.375,-52.875]],"v":[[-22.75,-57.25],[-64,-28.75],[-65.938,4.485],[-28.467,-9.761],[-59.25,24],[-46.75,34.5],[7.75,24.25],[42.5,27],[52.125,20.312],[59.125,19.812],[67.062,0.562],[69.25,-1.5],[96.25,15],[98.5,40.5],[108.5,23.25],[88.25,-1.25],[58.75,-15.125],[51.75,-18.625],[45.75,-26.5],[34.125,-47.375]],"c":true}]},{"i":{"x":0.833,"y":0.833},"o":{"x":0.167,"y":0.167},"t":25,"s":[{"i":[[9,-74],[-58.75,-36],[-68.75,-12],[-28.467,-9.761],[-60.792,20.424],[-58.75,31.5],[-8.25,34.25],[28.5,28.75],[52.125,20.312],[57.125,20.124000000000002],[67.062,0.562],[69.25,-1.5],[93.271,7.828],[95.536,41.184],[108.125,32.375],[97,2.25],[65.125,-11.375],[51.75,-18.625],[48.125,-22.375],[37.875,-41.875]],"o":[[-53.915,-40.809],[-67,-23.5],[-65.437,7.470000000000001],[-28.467,-9.761],[-58.25,25.5],[-34.75,37.5],[8.5,23.75],[48.397,26.263],[52.125,20.312],[56.75,7.500000000000002],[67.062,0.562],[69.25,-1.5],[103,31.25],[105,39],[109.1,8.657],[79.5,-4.75],[53.024,-18.493],[51.75,-18.625],[43.227,-30.881999999999998],[30.375,-52.875]],"v":[[-22.75,-57.25],[-64,-28.75],[-65.938,4.485],[-28.467,-9.761],[-59.25,24],[-46.75,34.5],[7.75,24.25],[42.5,27],[52.125,20.312],[59.125,19.812],[67.062,0.562],[69.25,-1.5],[96.25,15],[98.5,40.5],[108.5,23.25],[88.25,-1.25],[58.75,-15.125],[51.75,-18.625],[45.75,-26.5],[34.125,-47.375]],"c":true}]},{"t":43,"s":[{"i":[[-7.5,-86],[-58.5,-58.5],[-98,-35.75],[-35.467,-18.261],[-67.792,11.924],[-58.75,31.5],[-12.5,38],[35.422,29.716],[55.625,20.812],[59.125,21.124000000000002],[67.062,0.562],[69.25,-1.5],[94.875,0.125],[96.5,38.75],[112.375,33.375],[105,2],[65.75,-11],[42.5,-20],[36,-27],[32.625,-51.625]],"o":[[-59.5,-59],[-59.217,-57.717],[-71.062,-1.6399999999999997],[-35.467,-18.261],[-65.25,17],[-34.75,37.5],[4.25,27.5],[53.5,25],[55.625,20.812],[59.625,9.250000000000002],[67.062,0.562],[69.25,-1.5],[109.158,29.861],[103.878,37.52],[113.35,9.657],[87.5,-5],[53.25,-15.5],[42.5,-20],[34.5,-37],[25.125,-62.625]],"v":[[-33.5,-72.5],[-59,-57.5],[-72.938,-4.015],[-35.467,-18.261],[-66.25,15.5],[-46.75,34.5],[3.5,28],[47.75,26.5],[55.625,20.812],[61.125,20.812],[67.062,0.562],[69.25,-1.5],[102.5,16],[99.5,38.25],[112.75,24.25],[96.25,-1.5],[59.5,-13.25],[42.5,-20],[35.25,-32],[28.875,-57.125]],"c":true}]}],"ix":2},"nm":"Path 1","mn":"ADBE Vector Shape - Group","hd":false,"_render":true},{"ty":"fl","c":{"a":0,"k":[0.3665,0.055,0.945,1],"ix":4},"o":{"a":0,"k":100,"ix":5},"r":1,"bm":0,"nm":"Fill 1","mn":"ADBE Vector Graphic - Fill","hd":false,"_render":true},{"ty":"tr","p":{"a":0,"k":[0,0],"ix":2},"a":{"a":0,"k":[0,0],"ix":1},"s":{"a":0,"k":[100,100],"ix":3},"r":{"a":0,"k":0,"ix":6},"o":{"a":0,"k":100,"ix":7},"sk":{"a":0,"k":0,"ix":4},"sa":{"a":0,"k":0,"ix":5},"nm":"Transform","_render":true}],"nm":"Shape 2","np":3,"cix":2,"bm":0,"ix":2,"mn":"ADBE Vector Group","hd":false,"_render":true},{"ty":"gr","it":[{"ind":0,"ty":"sh","ix":1,"ks":{"a":1,"k":[{"i":{"x":0.833,"y":0.833},"o":{"x":0.167,"y":0.167},"t":0,"s":[{"i":[[68.75,-1],[56.25,12.5],[81,37],[111,38.75],[105,2],[65.75,-11],[42.5,-20],[36,-27],[32.625,-51.625],[-7.5,-86],[-68,-51.25],[-98,-32.5],[-67,38],[-21,44],[27,36],[55.625,20.812],[52.375,20.812],[62.188,21.062]],"o":[[68.75,-1],[69.25,31.5],[99,38.5],[114.5,9.75],[87.5,-5],[53.25,-15.5],[42.5,-20],[34.5,-37],[25.125,-62.625],[-59.5,-59],[-68.75,-50.5],[-73.5,23.5],[-43,44],[-4.25,33.5],[51.5,29],[55.625,20.812],[52.375,20.812],[62.188,21.062]],"v":[[68.75,-1],[62.75,22],[90,37.75],[112.75,24.25],[96.25,-1.5],[59.5,-13.25],[42.5,-20],[35.25,-32],[28.875,-57.125],[-33.5,-72.5],[-68.5,-50.25],[-74.5,22],[-55,41],[-5,34],[39.25,32.5],[55.625,20.812],[52.375,20.812],[62.188,21.062]],"c":false}]},{"i":{"x":0.833,"y":0.833},"o":{"x":0.167,"y":0.167},"t":11,"s":[{"i":[[68.511,-1.239],[54.455999999999996,11.663],[80.761,39.152],[108.728,40.065],[105.12,4.272],[61.32,-13.464],[44.533,-22.63],[40.946,-28.194999999999997],[33.22,-52.534],[3,-73],[-67.457,-42.033],[-98,-32.5],[-67,38],[-18.13,41.370000000000005],[27,36],[55.266,20.932],[52.375,20.812],[60.035,20.823]],"o":[[68.511,-1.239],[67.388,32.602000000000004],[98.761,40.652],[112.228,11.065000000000001],[87.62,-2.7279999999999998],[50.619,-18.25],[44.533,-22.63],[37.528999999999996,-38.022999999999996],[19.945999999999998,-63.924],[-53,-48],[-68.207,-41.283],[-73.5,23.5],[-43,44],[-1.38,30.87],[51.5,29],[55.266,20.932],[52.375,20.812],[60.035,20.823]],"v":[[68.511,-1.239],[61.315,22.837],[89.761,39.902],[110.478,25.565],[96.37,0.772],[55.315,-16.239],[44.533,-22.63],[39.12,-33.315],[28.538,-57.049],[-23.076,-62.848],[-67.957,-41.033],[-74.5,22],[-55,41],[-2.13,31.37],[39.25,32.5],[55.266,20.932],[52.375,20.812],[60.035,20.823]],"c":false}]},{"i":{"x":0.833,"y":0.833},"o":{"x":0.167,"y":0.167},"t":23,"s":[{"i":[[68.25,-1.5],[52.5,10.75],[80.5,41.5],[106.25,41.5],[105.25,6.75],[56.488,-16.153],[46.75,-25.5],[44.25,-29.5],[32.824,-51.435],[-2.161999999999999,-67.256],[-69.5,-33.75],[-93,-22.5],[-67,38],[-15,38.5],[27,36],[54.875,21.062],[52.375,20.812],[57.688,20.562]],"o":[[68.25,-1.5],[65.357,33.803],[98.5,43],[109.75,12.5],[87.75,-0.25],[47.75,-21.25],[46.75,-25.5],[38.742,-39.14],[13.25,-63.25],[-53,-42.5],[-70.25,-33],[-73.5,23.5],[-43,44],[1.75,28],[51.5,29],[54.875,21.062],[52.375,20.812],[57.688,20.562]],"v":[[68.25,-1.5],[59.75,23.75],[89.5,42.25],[108,27],[96.5,3.25],[50.75,-19.5],[46.75,-25.5],[41.25,-34.75],[27.125,-54.875],[-24.25,-56.5],[-70,-32.75],[-74.5,22],[-55,41],[1,28.5],[39.25,32.5],[54.875,21.062],[52.375,20.812],[57.688,20.562]],"c":false}]},{"i":{"x":0.833,"y":0.833},"o":{"x":0.167,"y":0.167},"t":25,"s":[{"i":[[68.25,-1.5],[52.5,10.75],[80.5,41.5],[106.25,41.5],[105.25,6.75],[56.488,-16.153],[46.75,-25.5],[44.25,-29.5],[32.824,-51.435],[-2.161999999999999,-67.256],[-69.5,-33.75],[-93,-22.5],[-67,38],[-15,38.5],[27,36],[54.875,21.062],[52.375,20.812],[57.688,20.562]],"o":[[68.25,-1.5],[65.357,33.803],[98.5,43],[109.75,12.5],[87.75,-0.25],[47.75,-21.25],[46.75,-25.5],[38.742,-39.14],[13.25,-63.25],[-53,-42.5],[-70.25,-33],[-73.5,23.5],[-43,44],[1.75,28],[51.5,29],[54.875,21.062],[52.375,20.812],[57.688,20.562]],"v":[[68.25,-1.5],[59.75,23.75],[89.5,42.25],[108,27],[96.5,3.25],[50.75,-19.5],[46.75,-25.5],[41.25,-34.75],[27.125,-54.875],[-24.25,-56.5],[-70,-32.75],[-74.5,22],[-55,41],[1,28.5],[39.25,32.5],[54.875,21.062],[52.375,20.812],[57.688,20.562]],"c":false}]},{"t":43,"s":[{"i":[[68.75,-1],[56.25,12.5],[81,37],[111,38.75],[105,2],[65.75,-11],[42.5,-20],[36,-27],[32.625,-51.625],[-7.5,-86],[-68,-51.25],[-98,-32.5],[-67,38],[-21,44],[27,36],[55.625,20.812],[52.375,20.812],[62.188,21.062]],"o":[[68.75,-1],[69.25,31.5],[99,38.5],[114.5,9.75],[87.5,-5],[53.25,-15.5],[42.5,-20],[34.5,-37],[25.125,-62.625],[-59.5,-59],[-68.75,-50.5],[-73.5,23.5],[-43,44],[-4.25,33.5],[51.5,29],[55.625,20.812],[52.375,20.812],[62.188,21.062]],"v":[[68.75,-1],[62.75,22],[90,37.75],[112.75,24.25],[96.25,-1.5],[59.5,-13.25],[42.5,-20],[35.25,-32],[28.875,-57.125],[-33.5,-72.5],[-68.5,-50.25],[-74.5,22],[-55,41],[-5,34],[39.25,32.5],[55.625,20.812],[52.375,20.812],[62.188,21.062]],"c":false}]}],"ix":2},"nm":"Path 1","mn":"ADBE Vector Shape - Group","hd":false,"_render":true},{"ty":"fl","c":{"a":0,"k":[0.5294,0.2745,1,1],"ix":4},"o":{"a":0,"k":100,"ix":5},"r":1,"bm":0,"nm":"Fill 1","mn":"ADBE Vector Graphic - Fill","hd":false,"_render":true},{"ty":"tr","p":{"a":0,"k":[0,0],"ix":2},"a":{"a":0,"k":[0,0],"ix":1},"s":{"a":0,"k":[100,100],"ix":3},"r":{"a":0,"k":0,"ix":6},"o":{"a":0,"k":100,"ix":7},"sk":{"a":0,"k":0,"ix":4},"sa":{"a":0,"k":0,"ix":5},"nm":"Transform","_render":true}],"nm":"Shape 1","np":3,"cix":2,"bm":0,"ix":3,"mn":"ADBE Vector Group","hd":false,"_render":true}],"ip":0,"op":80,"st":0,"bm":0,"completed":true},{"ddd":0,"ind":8,"ty":4,"nm":"shadow","sr":1,"ks":{"o":{"a":0,"k":50,"ix":11},"r":{"a":0,"k":0,"ix":10},"p":{"a":0,"k":[256,256,0],"ix":2},"a":{"a":0,"k":[0,0,0],"ix":1},"s":{"a":0,"k":[100,100,100],"ix":6}},"ao":0,"shapes":[{"ty":"gr","it":[{"ind":0,"ty":"sh","ix":1,"ks":{"a":1,"k":[{"i":{"x":0.833,"y":0.833},"o":{"x":0.167,"y":0.167},"t":0,"s":[{"i":[[130.25,38.5],[-64,36.5],[-97.75,40],[-77,49.75],[-48.75,48.5],[-34.907000000000004,45.449],[-19.391,45.833000000000006],[-1.5279999999999996,46.226],[13.261000000000001,46.471],[105.357,46.4]],"o":[[-60.75,30.5],[-64,36.5],[-74,42],[-53.25,48.5],[-39.627,45.332],[-24.728,45.701],[-7.803,46.095000000000006],[9.072,46.408],[59.143,47.025],[116.5,40.5]],"v":[[34.75,34.5],[-64,36.5],[-74,42.25],[-53.5,48.5],[-43.5,45.25],[-29.547,45.582],[-13.689,45.962],[4.972,46.338],[17.498,46.522],[116.5,40.75]],"c":true}]},{"i":{"x":0.833,"y":0.833},"o":{"x":0.167,"y":0.167},"t":11,"s":[{"i":[[127,38.25],[-64,36.5],[-97.75,40],[-75.75,52.25],[-44.25,50.5],[-32.279,49.307],[-13.5,47.5],[0.38700000000000045,46.760999999999996],[12.791,46.463],[105.246,46.456]],"o":[[-44.007999999999996,31.455],[-64,36.5],[-74,42],[-52,51],[-38.792,45.349],[-17,51.25],[-5.518999999999999,43.911],[9.366,46.912],[58.215,47.037],[116.5,40.5]],"v":[[51.5,35.25],[-64,36.5],[-74,42.25],[-52.25,51],[-43.5,45.25],[-25.492,50.17],[-10.251,46.039],[5.998,46.855],[16.25,46.507],[116.5,40.75]],"c":true}]},{"i":{"x":0.833,"y":0.833},"o":{"x":0.167,"y":0.167},"t":23,"s":[{"i":[[127,38.25],[-64,36.5],[-97.75,40],[-75.75,52.25],[-44.25,50.5],[-32.279,49.307],[-13.5,47.5],[-4.829,49.230999999999995],[15,48],[105.246,46.456]],"o":[[-44.007999999999996,31.455],[-64,36.5],[-74,42],[-52,51],[-38.792,45.349],[-17,51.25],[-5.518999999999999,43.911],[8.75,50.75],[61,48.25],[116.5,40.5]],"v":[[51.5,35.25],[-64,36.5],[-74,42.25],[-52.25,51],[-43.5,45.25],[-25.492,50.17],[-10.251,46.039],[0.748,49.855],[18.75,46.757],[116.5,40.75]],"c":true}]},{"i":{"x":0.833,"y":0.833},"o":{"x":0.167,"y":0.167},"t":25,"s":[{"i":[[127,38.25],[-64,36.5],[-97.75,40],[-75.75,52.25],[-44.25,50.5],[-32.279,49.307],[-13.5,47.5],[-4.829,49.230999999999995],[15,48],[105.246,46.456]],"o":[[-44.007999999999996,31.455],[-64,36.5],[-74,42],[-52,51],[-38.792,45.349],[-17,51.25],[-5.518999999999999,43.911],[8.75,50.75],[61,48.25],[116.5,40.5]],"v":[[51.5,35.25],[-64,36.5],[-74,42.25],[-52.25,51],[-43.5,45.25],[-25.492,50.17],[-10.251,46.039],[0.748,49.855],[18.75,46.757],[116.5,40.75]],"c":true}]},{"t":43,"s":[{"i":[[130.25,38.5],[-64,36.5],[-97.75,40],[-77,49.75],[-48.75,48.5],[-34.907000000000004,45.449],[-19.391,45.833000000000006],[-1.5279999999999996,46.226],[13.261000000000001,46.471],[105.357,46.4]],"o":[[-60.75,30.5],[-64,36.5],[-74,42],[-53.25,48.5],[-39.627,45.332],[-24.728,45.701],[-7.803,46.095000000000006],[9.072,46.408],[59.143,47.025],[116.5,40.5]],"v":[[34.75,34.5],[-64,36.5],[-74,42.25],[-53.5,48.5],[-43.5,45.25],[-29.547,45.582],[-13.689,45.962],[4.972,46.338],[17.498,46.522],[116.5,40.75]],"c":true}]}],"ix":2},"nm":"Path 1","mn":"ADBE Vector Shape - Group","hd":false,"_render":true},{"ty":"fl","c":{"a":0,"k":[0,0,0,1],"ix":4},"o":{"a":0,"k":100,"ix":5},"r":1,"bm":0,"nm":"Fill 1","mn":"ADBE Vector Graphic - Fill","hd":false,"_render":true},{"ty":"tr","p":{"a":0,"k":[0,0],"ix":2},"a":{"a":0,"k":[0,0],"ix":1},"s":{"a":0,"k":[100,100],"ix":3},"r":{"a":0,"k":0,"ix":6},"o":{"a":0,"k":100,"ix":7},"sk":{"a":0,"k":0,"ix":4},"sa":{"a":0,"k":0,"ix":5},"nm":"Transform","_render":true}],"nm":"Shape 1","np":3,"cix":2,"bm":0,"ix":1,"mn":"ADBE Vector Group","hd":false,"_render":true}],"ip":0,"op":80,"st":0,"bm":0,"completed":true}],"markers":[],"__complete":true}